{
  "prepare_queue": {
    "installed": [],
    "uninstalled": []
  },
  "config_munge": {
    "files": {
      "res/xml/config.xml": {
        "parents": {
          "/*": [
            {
              "xml": "<feature name=\"SplashScreen\"><param name=\"android-package\" value=\"org.apache.cordova.splashscreen.SplashScreen\" /><param name=\"onload\" value=\"true\" /></feature>",
              "count": 1
            },
            {
              "xml": "<feature name=\"AndroidFullScreen\"><param name=\"android-package\" value=\"com.mesmotronic.plugins.FullScreenPlugin\" /></feature>",
              "count": 1
            }
          ]
        }
      }
    }
  },
  "installed_plugins": {
    "cordova-plugin-splashscreen": {
      "PACKAGE_NAME": "com.pixelsvsarts.app"
    },
    "cordova-plugin-fullscreen": {
      "PACKAGE_NAME": "com.pixelsvsarts.app"
    }
  },
  "dependent_plugins": {},
  "modules": [
    {
      "id": "cordova-plugin-splashscreen.SplashScreen",
      "file": "plugins/cordova-plugin-splashscreen/www/splashscreen.js",
      "pluginId": "cordova-plugin-splashscreen",
      "clobbers": [
        "navigator.splashscreen"
      ]
    },
    {
      "id": "cordova-plugin-fullscreen.AndroidFullScreen",
      "file": "plugins/cordova-plugin-fullscreen/www/AndroidFullScreen.js",
      "pluginId": "cordova-plugin-fullscreen",
      "clobbers": [
        "AndroidFullScreen"
      ]
    }
  ],
  "plugin_metadata": {
    "cordova-plugin-splashscreen": "6.0.1",
    "cordova-plugin-fullscreen": "1.1.0"
  }
}
